000,https://www.momondo.com/
000,https://www.vueling.com/en
000,https://www.hertz.com/rentacar/reservation/
429,https://www.idealo.de
302,https://github.com/ru-de/faq/blob/master/files/Einladung%20(short%20term).docx?raw=true
302,https://github.com/ru-de/faq/blob/master/files/Einladung%20(long%20term).docx?raw=true
404,https://www.clark.de/de/invitation/8hvwkbv2gh
000,https://www.envivas.de/de/tarife-und-service/zusatzversicherungen/auslandsreise/travelxl
000,https://www.envivas.de/de/tarife-und-service/zusatzversicherungen/auslandsreise/travelxf
000,https://www.envivas.de/
000,https://www.apotheken.de/
000,http://www.vpngate.net/en/
418,https://www.ebay-kleinanzeigen.de
418,http://kleinanzeigen.ebay.de
-1,https://twago.com
